{
  "name": "core-component-page",
  "private": true,
  "dependencies": {
    "webcomponentsjs": "Polymer/webcomponentsjs#^0.5.0",
    "polymer": "Polymer/polymer#^0.5.0"
  },
  "version": "0.5.2",
  "homepage": "https://github.com/Polymer/core-component-page",
  "_release": "0.5.2",
  "_resolution": {
    "type": "version",
    "tag": "0.5.2",
    "commit": "443d8dcbcb1b203ed88c6af64c98f76e6434ba53"
  },
  "_source": "git://github.com/Polymer/core-component-page.git",
  "_target": "^0.5.0",
  "_originalSource": "Polymer/core-component-page"
}